longitude,latitude,examined,positive,prev,alt,temp,prec,hum,dist_aqua
31.0572,-15.1103,11,3,0.272727273,915,28.67469597,90.05833435,64.8833313,49.81100082
31.6764,-15.7569,7,0,0,437,31.24856758,67.41666412,64.42500305,2.069000006
31.6786,-22.0792,33,5,0.151515152,454,30.5076828,40.90000153,69.48332977,6.171000004
31.689,-22.0767,29,3,0.103448276,462,30.5076828,40.90000153,69.48332977,6.419000149
31.7461,-15.8078,67,24,0.358208955,455,31.90873337,67.41666412,64.42500305,6.580999851
31.8991,-15.1736,12,3,0.25,851,29.2918644,95.1333313,64.70833588,40.33399963
31.984,-22.8618,37,5,0.135135135,170,31.84267044,34.84999847,69.2416687,1.876000047
31.991,-25.9536,10,0,0,593,26.68390274,73.41666412,68.875,3.53399992
31.9935,-25.4438,4,0,0,142,29.35919189,50.875,69.44166565,0.463999987
32.0151,-25.9772,12,0,0,549,27.50574875,71.19166565,69.84166718,2.246000051
32.1808,-26.0947,2,0,0,60,30.13501358,61.375,71.16666412,0.879000008
32.1873,-26.7663,6,0,0,107,29.51624298,53.02500153,71.35832977,7.881000042
32.2365,-25.5958,10,1,0.1,103,30.23554993,59.65833282,71.40000153,0.934000015
32.3404,-26.0422,12,0,0,15,30.30842209,62.50833511,72.6333313,1.746000051
32.363,-14.3937,10,10,1,866,30.19872856,94.05833435,64.09999847,12.02799988
32.3874,-26.1087,8,0,0,37,29.90458488,62.50833511,72.6333313,2.302000046
32.4228,-25.8654,10,2,0.2,28,30.53087425,62.86666489,72.75,2.53399992
32.4258,-25.9836,5,0,0,17,30.15814972,62.86666489,72.75,1.371999979
32.447,-25.9107,9,1,0.111111111,30,30.49241066,62.86666489,72.75,1.304999948
32.4491,-25.9589,4,0,0,29,30.15814972,62.86666489,72.75,0.819999993
32.4539,-23.4691,21,8,0.380952381,97,32.05310822,37.86666489,71.31666565,0.252000004
32.4548,-25.9276,12,0,0,31,30.3176136,62.86666489,72.75,2.013000011
32.455,-25.9209,6,0,0,31,30.3176136,62.86666489,72.75,1.91900003
32.4673,-25.9159,9,0,0,28,30.36805344,62.86666489,72.75,3.219000101
32.4686,-25.9762,1,0,0,7,29.84900284,62.86666489,72.75,0.837000012
32.4687,-25.9625,10,0,0,21,29.84900284,62.86666489,72.75,1.264000058
32.469,-23.4679,11,5,0.454545455,108,32.05918121,37.86666489,71.31666565,1.669999957
32.5092,-22.2597,18,3,0.166666667,174,31.93174744,38.60833359,72.34999847,1.575999975
32.5128,-25.9028,7,0,0,30,30.25769615,65.91666412,73.98332977,0.370999992
32.5304,-23.8393,12,2,0.166666667,77,31.78499794,44.34999847,72.125,0.838999987
32.5433,-25.9297,10,0,0,27,29.92285919,65.91666412,73.98332977,1.05400002
32.5519,-25.9415,10,0,0,33,29.92285919,65.91666412,73.98332977,1.625
32.554,-25.9113,12,1,0.083333333,16,30.21300697,65.91666412,73.98332977,1.88499999
32.5566,-25.917,8,1,0.125,26,29.92285919,65.91666412,73.98332977,1.893000007
32.559,-25.9282,13,0,0,35,29.92285919,65.91666412,73.98332977,2.213999987
32.563,-25.9459,7,2,0.285714286,34,29.92285919,65.91666412,73.98332977,2.282000065
32.5704,-25.9344,11,0,0,33,29.92285919,65.91666412,73.98332977,3.461999893
32.5715,-25.9075,8,0,0,39,30.21300697,65.91666412,73.98332977,3.653000116
32.5728,-25.8812,13,2,0.153846154,30,30.21300697,65.91666412,73.98332977,2.250999928
32.5808,-25.9612,1,0,0,54,29.66764069,65.91666412,73.98332977,2.065999985
32.5818,-25.9656,3,0,0,54,29.66764069,65.91666412,73.98332977,1.542000055
32.5837,-25.8899,10,0,0,46,29.98431587,65.91666412,73.98332977,2.559999943
32.5922,-25.9144,6,0,0,44,29.98431587,65.91666412,73.98332977,3.832000017
32.5938,-25.9197,5,0,0,52,29.78307724,65.91666412,73.98332977,3.5
32.5953,-23.8517,31,2,0.064516129,65,32.12758636,44.34999847,72.125,0.822000027
32.5988,-25.9603,1,0,0,59,29.42956734,65.91666412,73.98332977,0.533999979
32.604,-25.9398,10,0,0,45,29.78307724,65.91666412,73.98332977,1.613000035
32.6126,-25.9102,17,1,0.058823529,46,29.98431587,65.91666412,73.98332977,2.296000004
32.6173,-25.9373,12,0,0,6,29.78307724,65.91666412,73.98332977,0.813000023
32.624,-25.0541,9,1,0.111111111,31,30.90447235,64.1333313,72.84999847,0.537999988
32.6243,-25.8975,4,0,0,33,29.98431587,65.91666412,73.98332977,2.361000061
32.6273,-25.7531,10,0,0,41,29.94876671,66.625,73.64167023,0.81400001
32.6365,-25.0214,4,0,0,41,30.99326134,64.1333313,72.84999847,1.36500001
32.638,-25.8118,13,2,0.153846154,48,30.00016403,66.625,73.64167023,3.954999924
32.6434,-25.0174,7,0,0,38,30.99326134,64.1333313,72.84999847,1.628999949
32.6467,-25.0026,11,0,0,45,30.99326134,64.1333313,72.84999847,1.639000058
32.6834,-24.8668,134,89,0.664179104,46,30.66222954,66.14167023,73.43333435,7.43599987
32.7414,-25.5037,10,1,0.1,31,30.09726143,68.3833313,74.23332977,2.062000036
32.7547,-24.5363,16,0,0,47,31.05087852,59.52500153,73.125,5.191999912
32.7614,-20.6832,5,2,0.4,352,30.75269508,55.61666489,73.97499847,3.296000004
32.7657,-15.5934,14,1,0.071428571,882,31.57109451,67.2583313,63.50833511,3.628000021
32.7738,-24.5094,3,0,0,45,31.05087852,59.52500153,73.125,5.995999813
32.7738,-20.5345,5,1,0.2,568,28.48981667,65.03333282,73.95833588,10.54599953
32.7805,-25.4328,1499,436,0.290860574,32,30.17593002,67.69999695,73.95833588,2.431999922
32.7867,-25.3553,7,0,0,31,30.26846123,67.69999695,73.95833588,6.059000015
32.7995,-25.157,7,1,0.142857143,27,30.70345116,67.40833282,73.59166718,2.496000051
32.8151,-25.3868,14,0,0,24,30.22919846,67.69999695,73.95833588,1.906999946
32.818,-26.6345,7,0,0,28,28.37015915,68.89167023,74.1166687,1.175999999
32.8182,-16.4247,43,18,0.418604651,280,33.37134171,61.05833435,63.79166794,0.963999987
32.8392,-25.5391,6,0,0,12,29.88587379,68.3833313,74.23332977,2.874000072
32.8549,-25.2688,9,2,0.222222222,32,30.38752556,71.95833588,74.44999695,0.838999987
32.8698,-19.5426,6,0,0,1131,22.85293388,81.27500153,73.8666687,29.68600082
32.8702,-18.9395,3,0,0,721,28.42020226,112.3249969,73.19999695,1.873999953
32.8814,-20.7632,4,1,0.25,331,30.46662712,58.71666718,74.20833588,8.418999672
32.9036,-24.4903,14,8,0.571428571,38,31.37741089,52.65000153,73.625,2.561000109
32.9167,-16.9625,46,17,0.369565217,633,30.07609177,77.1333313,66.15833282,7.059999943
32.9338,-18.9575,1,0,0,727,28.73532104,112.3249969,73.19999695,2.746999979
32.9346,-18.9929,6,2,0.333333333,731,28.38512039,112.3249969,73.19999695,1.976999998
32.9569,-24.4729,19,11,0.578947368,33,31.46785927,52.65000153,73.625,1.48300004
32.964,-25.1846,8,2,0.25,11,30.0752697,71.95833588,74.44999695,1.273000002
32.9696,-25.4694,184,116,0.630434783,17,29.62661362,71.89167023,74.65000153,0.870999992
33.0057,-24.5353,38,22,0.578947368,31,31.28661537,58.09999847,74.30833435,2.555000067
33.0104,-17.9877,64,22,0.34375,1328,24.40593529,141.4333344,71.09166718,7.597000122
33.0153,-17.8214,77,27,0.350649351,850,27.64332199,128.9916687,70.1333313,15.46199989
33.0497,-24.4817,10,0,0,33,31.4358654,52.83333206,74.15833282,1.427000046
33.0533,-25.0568,7,0,0,63,30.05662537,77.3666687,74.81666565,6.309000015
33.0843,-20.2143,2,2,1,386,29.83857727,68.30000305,74.25,12.91300011
33.0989,-25.027,11,0,0,62,29.89049339,77.3666687,74.81666565,8.944999695
33.0989,-16.6472,44,13,0.295454545,231,33.37174606,63.39166641,63.59999847,1.151000023
33.106,-15.8428,40,10,0.25,333,34.17758179,59.06666565,62.36666489,7.540999889
33.1691,-18.0617,6,3,0.5,616,29.90844154,141.9750061,70.67500305,5.068999767
33.1785,-18.0515,5,2,0.4,595,29.90844154,141.9750061,70.67500305,4.395999908
33.2089,-17.9253,121,50,0.41322314,597,29.92106819,131.9250031,70.14167023,11.57800007
33.2146,-21.3274,2,0,0,148,31.3983593,53.88333511,74.69999695,16.04000092
33.237,-24.6359,10,6,0.6,24,30.80496597,60.28333282,74.83333588,0.370999992
33.2796,-16.8373,58,31,0.534482759,247,33.09848404,74.65000153,65.2416687,0.717000008
33.3178,-24.8635,10,1,0.1,86,29.79745674,75.80833435,75.14167023,9.572999954
33.3179,-19.4624,4,2,0.5,553,29.37678146,78.7416687,73.21666718,3.266000032
33.3218,-24.659,32,21,0.65625,26,30.92671394,60.28333282,74.83333588,0.407999992
33.3269,-24.6184,68,36,0.529411765,18,31.11491013,60.28333282,74.83333588,4.304999828
33.3333,-15.5853,12,4,0.333333333,536,33.5494194,66.81666565,63.20833206,26.86700058
33.3374,-24.9256,11,0,0,74,29.71699333,76.80833435,75.69166565,11.71800041
33.3505,-16.8248,5,1,0.2,284,32.94506454,68.84999847,64.29166412,6.514999866
33.3639,-19.2734,1,1,1,657,28.8941288,84.80000305,72.80000305,7.467000008
33.4106,-15.0436,14,7,0.5,671,32.17323303,78.57499695,65.18333435,36.94499969
33.4528,-19.1158,10,2,0.2,700,28.95449448,92.2583313,72.44999695,5.019000053
33.4602,-19.126,4,1,0.25,704,28.54850006,92.2583313,72.44999695,5.198999882
33.4622,-19.0869,5,2,0.4,680,28.77181053,92.2583313,72.44999695,5.922999859
33.4683,-19.0949,7,0,0,660,28.77181053,92.2583313,72.44999695,5.959000111
33.4744,-24.7869,24,11,0.458333333,15,30.66157722,68.42500305,75.52500153,0.093000002
33.4784,-19.144,4,0,0,722,28.54850006,92.2583313,72.44999695,2.89199996
33.483,-19.0966,5,0,0,664,28.77181053,92.2583313,72.44999695,4.84499979
33.4833,-19.25,55,21,0.381818182,698,28.51621819,84.80000305,72.80000305,3.38499999
33.4873,-19.1232,5,0,0,697,28.77181053,92.2583313,72.44999695,2.944999933
33.4876,-25.2132,15,4,0.266666667,8,29.46730042,83.2583313,76.04166412,0.694999993
33.5008,-19.1074,4,2,0.5,684,28.7094574,94.65000153,72.625,3.780999899
33.5119,-19.49,47,15,0.319148936,430,29.60609055,80.33333588,73.42500305,3.509000063
33.5333,-24.6856,11,3,0.272727273,98,30.73727036,68.3833313,75.90833282,1.850999951
33.5349,-24.6857,91,50,0.549450549,101,30.73727036,68.3833313,75.90833282,1.998999953
33.5451,-24.6834,7,1,0.142857143,112,30.19208527,68.3833313,75.90833282,2.805000067
33.5479,-15.8261,58,21,0.362068966,437,32.95108032,64.95833588,62.81666565,10.98400021
33.5833,-24.65,59,38,0.644067797,107,30.34340477,61.79166794,75.6333313,2.617000103
33.5913,-16.1614,5,2,0.4,145,33.93464279,55.27500153,60.93333435,0.451999992
33.6026,-16.1386,10,1,0.1,148,33.93464279,55.27500153,60.93333435,1.131999969
33.6056,-16.151,9,1,0.111111111,135,33.93464279,55.27500153,60.93333435,0.651000023
33.6192,-16.1573,13,0,0,148,33.93464279,55.27500153,60.93333435,0.497000009
33.6294,-16.1334,17,3,0.176470588,145,34.11063766,55.27500153,60.93333435,1.33099997
33.6318,-16.1395,9,0,0,145,34.11063766,55.27500153,60.93333435,0.985000014
33.6377,-16.1765,40,14,0.35,149,33.84426117,56.55833435,61.32500076,0.853999972
33.6392,-25.0442,12,1,0.083333333,4,29.73402596,83.55000305,76.41666412,0.527999997
33.6398,-19.1494,50,15,0.3,540,29.20586967,94.65000153,72.625,5.809000015
33.646,-19.0767,84,18,0.214285714,610,28.99560165,94.65000153,72.625,3.01699996
33.6483,-16.1362,8,0,0,130,34.11063766,55.27500153,60.93333435,0.579999983
33.6513,-20.2928,14,10,0.714285714,120,31.31620789,71.40833282,74.93333435,5.409999847
33.6649,-25.0628,5,1,0.2,41,29.73402596,83.55000305,76.41666412,1.802000046
33.6674,-25.0513,11,2,0.181818182,33,29.66091156,82.21666718,76.67500305,1.463000059
33.6824,-19.4528,1,1,1,145,31.41702843,79.15833282,73.76667023,14.54899979
33.6899,-25.0619,4,0,0,43,29.66091156,82.21666718,76.67500305,3.803999901
33.7041,-25.0417,12,2,0.166666667,23,29.66091156,82.21666718,76.67500305,4.037000179
33.7198,-16.1131,10,4,0.4,176,33.75858307,58.04166794,61.73333359,2.670000076
33.7322,-16.1228,75,25,0.333333333,184,33.75858307,58.04166794,61.73333359,4.311999798
33.75,-19.1833,87,18,0.206896552,326,30.58758354,84.42500305,73.34166718,15.98400021
33.7731,-24.8714,13,3,0.230769231,66,29.81714439,75.83333588,76.43333435,6.906000137
33.7873,-24.6797,79,47,0.594936709,83,30.39016342,66.27500153,76.16666412,7.537000179
33.8465,-25.0147,8,3,0.375,50,29.65262222,80.60832977,76.82499695,4.083000183
33.8562,-24.7192,3,2,0.666666667,72,30.17840958,67.18333435,76.42500305,2.016000032
33.874,-24.7104,5,2,0.4,71,30.17840958,67.18333435,76.42500305,1.055999994
33.8804,-20.5971,13,4,0.307692308,131,30.79092979,74.09166718,75.78333282,27.36400032
33.8909,-19.1996,49,21,0.428571429,249,31.46217155,82.43333435,73.73332977,27.73200035
33.8966,-24.766,9,5,0.555555556,76,30.04985237,67.18333435,76.42500305,3.483999968
33.8978,-19.0159,68,26,0.382352941,437,29.92617035,90.05833435,73.34999847,15.18900013
33.8978,-14.5844,15,4,0.266666667,1181,26.40446091,80.95833588,68.78333282,46.29800034
33.9196,-19.2143,6,5,0.833333333,241,31.8459549,82.43333435,73.73332977,29.94400024
33.9245,-24.6391,4,0,0,68,30.51416016,61.96666718,76.2416687,5.743000031
33.9461,-16.5422,39,17,0.435897436,117,33.34231949,62.74166489,64.125,0.56400001
33.9549,-14.5418,11,8,0.727272727,1174,26.71129799,80.95833588,68.78333282,39.97999954
33.9568,-18.4282,9,7,0.777777778,476,29.80032539,116.875,72.09999847,37.78499985
33.985,-14.6903,63,23,0.365079365,1062,27.0784874,81.52500153,68.18333435,40.33300018
34.0302,-18.5517,20,17,0.85,439,30.02272415,110.9583359,72.80833435,29.81299973
34.0575,-16.8724,5,1,0.2,196,33.00951385,71.34166718,66.58333588,22.65800095
34.0697,-18.6799,10,2,0.2,351,30.51523781,101.0500031,73.04166412,22.06100082
34.0702,-14.777,10,7,0.7,1124,26.86018944,78.78333282,68.21666718,27.80200005
34.0748,-24.6569,11,6,0.545454545,74,30.3835392,64.71666718,76.4916687,3.009000063
34.1487,-24.8223,3,1,0.333333333,76,29.70327377,69.67500305,76.67500305,2.138000011
34.1614,-14.6222,11,9,0.818181818,1146,26.58549118,80.22499847,69.23332977,43.32400131
34.2037,-19.2459,3,1,0.333333333,68,32.6934967,81.01667023,74.51667023,13.61600018
34.2106,-19.2694,9,4,0.444444444,59,32.93640137,81.01667023,74.51667023,10.94299984
34.2108,-22.0156,10,1,0.1,190,29.84044647,53.35833359,76.3666687,12.48200035
34.211,-19.2953,120,47,0.391666667,62,32.82040405,81.01667023,74.51667023,8.517000198
34.2206,-18.502,7,5,0.714285714,267,31.26737595,98.7416687,73.01667023,29.45899963
34.2217,-22.5568,4,3,0.75,128,31.24566269,52.13333511,76.15833282,24.83200073
34.2417,-15.8042,21,2,0.095238095,380,32.10222626,75.35832977,64.95833588,14.86699963
34.2732,-21.3589,15,11,0.733333333,83,30.08169365,62.01666641,76.59166718,6.048999786
34.2747,-16.1769,43,14,0.325581395,304,32.34789658,65.26667023,64.875,28.48500061
34.2894,-19.2269,123,48,0.390243902,36,32.90595627,81.01667023,74.51667023,12.80900002
34.2904,-14.7769,4,1,0.25,1106,27.12070465,78.10832977,68.6333313,29.79100037
34.3083,-15.5208,43,17,0.395348837,782,29.42914009,81.6166687,66.32499695,10.43400002
34.3089,-24.8151,5,3,0.6,104,29.48269463,72.72499847,76.84999847,6.402999878
34.3417,-19.9552,4,2,0.5,40,31.37636375,98.73332977,76.16666412,3.450000048
34.3429,-19.6492,9,4,0.444444444,78,31.23079681,95.84166718,75.625,12.53199959
34.3506,-14.4618,8,1,0.125,1447,24.86378288,87.79166412,70.59999847,35.83399963
34.3523,-24.7244,12,1,0.083333333,68,29.93994331,76.42500305,76.96666718,4.195000172
34.3593,-14.7114,13,8,0.615384615,1272,26.31004906,79.93333435,69.39167023,35.34600067
34.3783,-15.0459,14,6,0.428571429,1158,26.62583351,84.93333435,69.7583313,21.82600021
34.3868,-17.9646,32,20,0.625,200,32.68832779,91.2583313,71.60832977,55.47999954
34.4065,-19.4179,96,42,0.4375,12,32.52743149,91.67500305,75.30833435,2.802000046
34.4334,-15.5938,47,13,0.276595745,888,28.49151802,83.31666565,67.42500305,16.71199989
34.4382,-14.571,10,6,0.6,1406,25.11707306,82.16666412,69.98332977,40.40399933
34.4708,-19.2417,53,14,0.264150943,15,32.4805603,88.21666718,74.90833282,4.578000069
34.4833,-22.2167,74,17,0.22972973,193,29.86164284,55.54999924,76.60832977,31.09799957
34.5097,-19.8689,7,5,0.714285714,8,31.40470886,106.8416672,76.59166718,0.671999991
34.5235,-14.7284,13,5,0.384615385,1346,25.49688148,79.53333282,69.34166718,24.84900093
34.5819,-21.5103,17,9,0.529411765,134,29.36198807,63.78333282,77.14167023,6.600999832
34.5941,-19.8834,10,2,0.2,8,31.05861092,106.8416672,76.59166718,0.370999992
34.5978,-19.5014,75,44,0.586666667,14,31.60514832,104.1750031,76.07499695,5.026000023
34.6196,-19.5384,139,63,0.45323741,22,31.60514832,104.1750031,76.07499695,6.592999935
34.6249,-19.5364,4,1,0.25,22,31.60514832,104.1750031,76.07499695,6.967000008
34.6252,-21.1174,21,12,0.571428571,46,30.15589905,72.75,77.19166565,0.588999987
34.6326,-24.7082,8,4,0.5,80,29.7507515,80.06666565,77.06666565,7.519000053
34.6736,-16.6678,13,8,0.615384615,122,33.17719269,66.80833435,68.43333435,13.7329998
34.7022,-24.7404,11,6,0.545454545,73,29.24256134,82.6166687,77.20833588,1.342000008
34.7122,-19.3833,87,48,0.551724138,110,31.13384438,108.1916656,76.1333313,15.4630003
34.7134,-19.5792,4,1,0.25,51,31.00803757,113.25,76.47499847,9.18999958
34.7189,-23.9455,17,11,0.647058824,152,31.01712418,61.78333282,76.46666718,20.17700005
34.7338,-19.622,9,2,0.222222222,47,30.95933533,113.25,76.47499847,3.994999886
34.8043,-12.6079,13,2,0.153846154,507,29.1361084,137.5749969,72.19999695,3.214999914
34.811,-12.6921,6,1,0.166666667,487,28.17526436,133.7833405,71.47499847,0.293000013
34.8185,-24.4925,11,7,0.636363636,21,30.06567764,74.04166412,76.8666687,0.698000014
34.8245,-19.7265,3,0,0,28,30.5637989,117.4250031,76.80833435,4.821000099
34.8342,-21.3306,23,16,0.695652174,60,29.54921341,72.15000153,77.79166412,1.648000002
34.8373,-19.8358,3,0,0,7,30.36745834,125.6583328,77.20833588,0.76700002
34.8396,-23.5014,6,3,0.5,94,30.98827171,69.3833313,76.56666565,15.37100029
34.8437,-19.8443,6,0,0,9,30.36745834,125.6583328,77.20833588,0.370999992
34.8557,-19.8108,4,0,0,7,30.36170197,125.6583328,77.20833588,2.270999908
34.8606,-19.7496,7,0,0,21,30.52259445,125.6583328,77.20833588,5.729000092
34.868,-19.8172,2,0,0,5,30.36170197,125.6583328,77.20833588,3.578000069
34.8682,-19.7682,7,1,0.142857143,16,30.42527771,125.6583328,77.20833588,5.103000164
34.8764,-13.4044,59,24,0.406779661,523,28.85634804,107.7249985,69.17500305,0.811999977
34.8854,-19.8164,2,0,0,4,30.30799675,125.6583328,77.20833588,3.184000015
34.8874,-19.8439,3,1,0.333333333,8,30.29175949,125.6583328,77.20833588,0.50999999
34.8921,-17.1651,23,6,0.260869565,58,33.4398613,68.58333588,70.28333282,0.324000001
34.9083,-19.4736,121,54,0.446280992,42,30.85752678,112.4166641,76.5083313,6.052999973
34.9251,-19.4139,4,2,0.5,62,30.8103447,112.4166641,76.5083313,2.322000027
34.9253,-19.7867,2,0,0,11,30.37085152,125.6583328,77.20833588,0.349000007
34.9499,-17.416,10,0,0,90,33.96498871,70.45833588,71.44999695,7.22300005
35.0035,-20.9733,8,1,0.125,5,29.69326401,81.69166565,77.97499847,0.98299998
35.0112,-22.3173,11,8,0.727272727,75,29.72248459,64.83333588,77.80833435,15.79100037
35.0222,-20.9881,37,22,0.594594595,4,29.69326401,81.69166565,77.97499847,0.328000009
35.0422,-22.7924,7,2,0.285714286,106,30.13210297,71.73332977,77.34166718,31.49799919
35.0746,-17.4417,17,0,0,49,33.55524826,69.23332977,71.96666718,0.583999991
35.0798,-24.472,9,6,0.666666667,46,29.67378807,79.07499695,77.14167023,0.370999992
35.0833,-20.9833,24,18,0.75,4,29.24941826,81.69166565,77.97499847,0.903999984
35.0877,-22.8267,50,15,0.3,93,30.04789925,71.73332977,77.34166718,29.12999916
35.119,-22.2919,10,2,0.2,43,29.90217209,64.83333588,77.80833435,4.288000107
35.1369,-24.2543,49,19,0.387755102,82,29.23376656,74.93333435,76.97499847,1.394000053
35.1395,-24.0445,11,11,1,78,30.07752991,70.875,76.81666565,1.315000057
35.15,-23.8834,4,1,0.25,114,30.15561676,70.44999695,76.6333313,8.194999695
35.1575,-17.157,9,3,0.333333333,119,32.82753372,78.44999695,71.6333313,8.621999741
35.2005,-21.5327,9,5,0.555555556,3,29.36491776,70.2583313,78.27500153,0.259000003
35.2174,-13.4159,10,1,0.1,1187,25.05461121,95.58333588,71.44166565,14.01099968
35.2224,-17.4892,9,3,0.333333333,36,33.79779434,70.05833435,72.56666565,3.239000082
35.2341,-23.681,12,2,0.166666667,63,30.14074326,75.91666412,76.75,8.368000031
35.2396,-13.2864,14,2,0.142857143,1360,24.83145332,97.59999847,72.19166565,7.236999989
35.2447,-13.3112,9,2,0.222222222,1356,24.83539391,97.59999847,72.19166565,6.138999939
35.2478,-13.3121,11,1,0.090909091,1356,24.83539391,97.59999847,72.19166565,5.867000103
35.258,-13.3276,8,1,0.125,1385,24.65684509,97.59999847,72.19166565,4.823999882
35.2583,-13.293,8,1,0.125,1344,24.65684509,97.59999847,72.19166565,5.118999958
35.2596,-23.1875,64,19,0.296875,80,30.07629776,85.29166412,77.05000305,9.427000046
35.2652,-13.6183,85,30,0.352941176,1200,25.53629875,93.79166412,70.52500153,25.85700035
35.2691,-13.3424,11,1,0.090909091,1371,24.74438667,95.58333588,71.44166565,4.368000031
35.3044,-13.331,17,14,0.823529412,1349,24.70405197,97.59999847,72.19166565,1.024000049
35.3124,-23.3832,49,14,0.285714286,86,29.90966034,84.47499847,76.90000153,5.886000156
35.3137,-21.9922,12,0,0,18,29.40439606,65.21666718,78.30833435,1.133000016
35.3169,-24.1076,91,26,0.285714286,42,29.78058434,74.58333588,76.92500305,7.360000134
35.3178,-16.2142,58,11,0.189655172,415,29.49742508,108.4250031,71.52500153,1.054999948
35.3295,-24.1061,111,38,0.342342342,43,29.78058434,74.58333588,76.92500305,6.126999855
35.3361,-23.6601,7,3,0.428571429,51,29.82805061,84.78333282,76.96666718,2.010999918
35.3402,-23.8645,2,0,0,38,29.74901199,78.54166412,76.92500305,0.879999995
35.3415,-13.0282,9,5,0.555555556,1070,26.72899246,103.8416672,71.66666412,21.92700005
35.3422,-23.8711,11,8,0.727272727,14,29.74901199,78.54166412,76.92500305,0.203999996
35.3442,-23.836,15,9,0.6,25,29.74901199,78.54166412,76.92500305,0.518000007
35.3445,-23.8439,10,3,0.3,23,29.74901199,78.54166412,76.92500305,0.351999998
35.3459,-23.8653,18,1,0.055555556,20,29.74901199,78.54166412,76.92500305,0.386999995
35.3462,-23.6519,1,1,1,39,29.82805061,84.78333282,76.96666718,1.036999941
35.3472,-17.8297,19,4,0.210526316,37,33.22424316,81.77500153,74.1166687,1.577000022
35.3636,-16.68,9,5,0.555555556,65,32.51101685,73.54166412,71.20833588,6.951000214
35.3832,-24.2332,36,10,0.277777778,49,29.60306358,81.42500305,77.14167023,2.467999935
35.3868,-23.8787,14,3,0.214285714,14,29.44397545,78.54166412,76.92500305,0.73299998
35.3906,-23.8713,10,1,0.1,10,29.43360901,78.54166412,76.92500305,0.470999986
35.3953,-23.8784,5,0,0,10,29.44397545,78.54166412,76.92500305,1.139999986
35.4042,-23.717,1871,705,0.376803848,9,29.43865204,80.59166718,76.92500305,0.848999977
35.4056,-24.2317,16,5,0.3125,58,29.60306358,81.42500305,77.14167023,0.270000011
35.4123,-13.4442,13,6,0.461538462,1095,26.31790733,96.29166412,70.96666718,18.04800034
35.4513,-16.2111,70,14,0.2,561,28.92621231,120.7166672,72.26667023,8.170000076
35.4522,-13.5272,98,34,0.346938776,978,26.75549126,93.92500305,70.08333588,17.60099983
35.4602,-23.2342,78,24,0.307692308,101,29.6310482,91.5,77.23332977,3.075000048
35.4761,-24.05,29,14,0.482758621,39,29.69237518,78.93333435,77.04166412,1.779000044
35.4893,-16.4279,41,9,0.219512195,372,29.45676422,98.72499847,71.70833588,21.98900032
35.5302,-16.2429,57,10,0.175438596,659,28.30262566,130.5583344,73.42500305,8.888999939
35.5352,-13.3116,87,36,0.413793103,1207,25.74274826,99.39167023,71.125,24.37800026
35.6167,-18.05,94,45,0.478723404,28,32.4749527,91.7416687,75.43333435,2.15199995
35.6502,-13.1077,8,3,0.375,1109,26.20689201,102.7249985,71.45833588,30.87700081
35.6542,-14.3528,14,6,0.428571429,759,28.89232063,84.84999847,67.5,11.91399956
35.6822,-17.507,8,8,1,300,31.29494667,79.9916687,74.94999695,35.8370018
35.7098,-14.3293,4,0,0,741,29.06911659,84.46666718,67.03333282,13.90799999
35.7573,-14.3176,8,3,0.375,711,29.24637604,84.46666718,67.03333282,12.99600029
35.7574,-16.1092,104,21,0.201923077,677,28.21679688,142.2333374,73.90833282,7.784999847
35.7617,-16.0922,7,7,1,669,28.21679688,142.2333374,73.90833282,8.970999718
35.7756,-16.0997,18,5,0.277777778,730,28.21679688,142.2333374,73.90833282,7.487999916
35.7924,-16.4786,60,11,0.183333333,461,29.96958542,119.5666656,73.90833282,35.38000107
35.7934,-16.2084,38,7,0.184210526,690,29.0377636,128.2583313,73.76667023,5.5
35.8743,-15.1958,16,0,0,647,29.01167297,109.0500031,68.26667023,4.801000118
35.8758,-15.9942,87,13,0.149425287,638,29.52839661,134.6999969,72.33333588,6.868999958
35.8794,-15.2576,12,5,0.416666667,657,29.64694405,109.0500031,68.26667023,6.013999939
35.8988,-18.2748,91,41,0.450549451,11,33.12586975,94.96666718,76.67500305,0.95599997
35.9279,-14.142,4,2,0.5,681,29.61478806,85.94166565,66.94166565,5.589000225
35.9348,-14.6679,13,4,0.307692308,642,29.6963501,88.42500305,66.43333435,5.467000008
35.9453,-18.2908,108,57,0.527777778,12,32.97108078,94.96666718,76.67500305,0.533999979
36.0167,-15.7739,49,8,0.163265306,742,28.68995667,133.0666656,71.59999847,13.98200035
36.0427,-16.4404,17,12,0.705882353,464,30.42341995,111.5083313,73.57499695,31.90999985
36.1455,-12.3216,15,2,0.133333333,691,28.80087662,106.4333344,71.34166718,25.68300056
36.1689,-15.3075,79,28,0.35443038,766,29.51408005,111.8166656,68.66666412,33.41899872
36.1741,-13.4345,11,5,0.454545455,634,29.72065735,95.1166687,68.19999695,0.845000029
36.307,-15.4871,71,12,0.169014085,808,29.02150154,118.3416672,69.44166565,29.41500092
36.3903,-15.1497,121,59,0.487603306,690,30.12721443,97.18333435,66.83333588,40.36100006
36.4109,-18.6272,10,2,0.2,10,30.90205956,100.1333313,78.35832977,1.911000013
36.46,-18.5862,15,1,0.066666667,8,30.68208313,100.1333313,78.35832977,1.041000009
36.5337,-14.8005,13,2,0.153846154,586,31.61503792,81.1166687,64.9916687,6.385000229
36.5346,-14.8123,18,0,0,585,31.61503792,81.1166687,64.9916687,6.78000021
36.5466,-14.7904,11,2,0.181818182,567,31.58325195,81.1166687,64.9916687,7.829999924
36.5531,-14.7976,15,4,0.266666667,572,31.45476723,81.1166687,64.9916687,8.520999908
36.6138,-15.143,83,44,0.530120482,602,31.05198479,93.27500153,66.5,38.00899887
36.6542,-13.3488,10,1,0.1,609,29.92278671,95.82499695,67.95833588,19.19099998
36.7942,-17.8717,127,88,0.692913386,5,31.11255646,113.1416702,78.39167023,0.398999989
36.8016,-15.177,8,4,0.5,697,30.49895859,105.0583344,68.05833435,37.90299988
36.8176,-18.0298,102,77,0.754901961,10,30.79528999,112.5416641,78.59166718,1.15199995
36.8494,-14.7894,104,57,0.548076923,537,31.48233604,83.32499695,66,1.616999984
36.8792,-17.8703,6,0,0,7,31.01564598,120.3166656,78.78333282,0.966000021
36.8792,-17.8619,7,1,0.142857143,6,31.01564598,120.3166656,78.78333282,1.781000018
36.8891,-17.8636,7,0,0,7,31.01564598,120.3166656,78.78333282,2.102999926
36.9034,-17.8718,18,2,0.111111111,8,31.01564598,120.3166656,78.78333282,0.944999993
36.9149,-17.8642,18,1,0.055555556,8,31.01564598,120.3166656,78.78333282,1.848999977
36.9164,-14.2056,10,4,0.4,591,30.92999077,87.84999847,66.16666412,13.70100021
36.9497,-16.6903,7,6,0.857142857,174,31.81121826,103.6333313,75.19999695,4.458000183
36.9628,-14.6939,68,39,0.573529412,537,31.74910545,83.32499695,66,1.52699995
36.9719,-16.843,6,1,0.166666667,163,31.73101425,102.0083313,75.84999847,1.20599997
36.9727,-15.458,6,2,0.333333333,658,27.59374428,116.7249985,69.55000305,1.781000018
36.9789,-15.4752,13,4,0.307692308,678,29.54863739,116.7249985,69.55000305,1.159000039
36.9848,-16.8328,16,5,0.3125,116,31.93824768,103.6333313,75.19999695,0.472000003
36.9897,-16.8515,13,11,0.846153846,144,31.73101425,102.0083313,75.84999847,1.419999957
36.9899,-15.4741,22,13,0.590909091,695,29.54863739,116.7249985,69.55000305,0.824000001
36.9935,-15.4627,13,5,0.384615385,689,29.54863739,116.7249985,69.55000305,0.851999998
36.9952,-16.8409,9,1,0.111111111,131,31.73101425,102.0083313,75.84999847,0.771000028
37.0165,-17.2695,61,38,0.62295082,81,31.50876999,104.1750031,77.28333282,5.831999779
37.0266,-17.4998,68,37,0.544117647,22,31.55613899,105.0916672,77.79166412,0.964999974
37.0279,-14.8912,13,10,0.769230769,574,31.68135834,88.08333588,67,18.87199974
37.0354,-17.2218,39,25,0.641025641,60,31.60222244,104.1750031,77.28333282,2.937000036
37.0515,-17.8252,2,0,0,8,30.73213959,114.2833328,78.66666412,3.397000074
37.159,-17.5755,31,22,0.709677419,4,31.45546722,108.3666687,78.25,5.012000084
37.1676,-16.5194,14,6,0.428571429,234,31.63538551,113.6916656,74.95833588,2.210999966
37.1693,-13.8748,14,2,0.142857143,579,30.86175537,94.7583313,66.90000153,32.0909996
37.1883,-15.8026,14,4,0.285714286,504,30.06702995,126.5749969,71.04166412,9.81400013
37.1894,-17.7069,41,23,0.56097561,12,30.83850098,114.3249969,78.8833313,0.512000024
37.2006,-17.4767,55,32,0.581818182,26,31.44059181,109.2083359,78.09166718,0.843999982
37.2702,-17.6492,54,35,0.648148148,7,30.93164825,111.2249985,78.51667023,3.993000031
37.389,-17.3772,11,4,0.363636364,22,31.3808136,112.2416687,78.3666687,1.243000031
37.4155,-14.9538,7,6,0.857142857,630,30.37902069,86.69999695,67.80000305,3.997999907
37.4463,-16.4416,12,6,0.5,328,30.40378189,121.0166702,74.40833282,31.37599945
37.5045,-13.1967,14,0,0,807,29.38994598,91,68.02500153,16.42499924
37.5497,-15.4039,49,33,0.673469388,720,29.19532585,110.9250031,69.85832977,37.04399872
37.5773,-16.7618,12,7,0.583333333,208,30.68022728,114.6083298,76.18333435,21.11899948
37.7465,-16.3678,10,6,0.6,249,30.94193077,116.0749969,74.80833435,15.52099991
37.7594,-13.8882,14,5,0.357142857,508,30.89889526,89.84166718,67.34999847,9.56799984
37.9927,-14.2566,78,35,0.448717949,402,31.53989792,87.8666687,67.58333588,0.878000021
38.0328,-16.2511,54,35,0.648148148,244,30.87110901,112.9583359,74.31666565,14.53299999
38.1016,-16.1289,72,51,0.708333333,353,30.2858963,113.0999985,73.45833588,17.36899948
38.3472,-15.0023,9,6,0.666666667,565,30.23810387,100.6666641,69.6166687,18.50099945
38.3792,-16.137,91,63,0.692307692,176,31.17737961,108.2333298,73.80000305,0.77700001
38.3799,-15.5458,42,31,0.738095238,465,30.22977638,104.8583298,71.46666718,5.960999966
38.3842,-13.7514,7,3,0.428571429,484,30.68440628,87.18333435,68.125,39.32099915
38.3935,-15.7922,10,8,0.8,325,30.7321167,105.2916641,72.25,12.43700027
38.5413,-15.4738,91,55,0.604395604,439,30.28667641,102.5749969,70.8666687,12.12300014
38.5613,-12.6857,14,8,0.571428571,453,31.03271484,81.09166718,69.54166412,14.96399975
38.5615,-13.3502,15,5,0.333333333,580,30.71179008,85.30833435,68.35832977,12.0010004
38.6582,-15.8903,57,40,0.701754386,190,31.0851593,105.1583328,73.15833282,2.723999977
38.6835,-15.2113,59,41,0.694915254,502,29.92270279,97.30000305,70.43333435,23.54199982
38.6925,-15.6546,69,45,0.652173913,315,30.77754021,100.5333328,71.80833435,2.970000029
38.7182,-15.4485,97,58,0.597938144,372,30.86104012,98.98332977,71.09166718,25.67300034
38.8017,-13.9468,6,0,0,392,31.76229477,87.40000153,68.82499695,16.03899956
38.8814,-16.7854,17,11,0.647058824,53,31.20105553,101.7166672,77.06666565,5.328999996
38.9022,-14.6552,13,6,0.461538462,488,30.85416603,91.77500153,69.41666412,39.72299957
38.9911,-13.5989,16,9,0.5625,412,31.34415054,84.01667023,69.09999847,27.12100029
38.9913,-13.1247,11,5,0.454545455,506,31.19822884,79.1166687,68.9916687,4.027999878
39.002,-13.1257,13,9,0.692307692,525,31.09221649,79.2416687,69.48332977,2.984999895
39.0029,-13.1278,17,2,0.117647059,525,31.09221649,79.2416687,69.48332977,2.950000048
39.0163,-13.1321,9,4,0.444444444,532,31.09221649,79.2416687,69.48332977,1.950000048
39.0476,-16.5184,89,52,0.584269663,34,31.63848495,99.45833588,76.59166718,0.533999979
39.0811,-16.5583,14,13,0.928571429,68,31.55046463,99.45833588,76.59166718,5.271999836
39.1482,-16.0969,11,8,0.727272727,158,31.60768318,99.58333588,74.59999847,13.93500042
39.2131,-14.9346,12,4,0.333333333,436,30.33641243,89.65000153,70.21666718,10.50800037
39.222,-16.7475,14,5,0.357142857,9,31.22466469,97.69166565,77.20833588,1.302000046
39.2346,-15.119,14,5,0.357142857,377,30.67718697,89.40000153,70.32499695,7.870999813
39.236,-15.1044,4,1,0.25,395,30.67718697,89.40000153,70.32499695,7.098999977
39.2367,-11.2534,6,3,0.5,223,30.892313,81.03333282,74.94999695,7.53399992
39.2537,-15.1014,15,7,0.466666667,398,30.61738586,89.40000153,70.32499695,7.703999996
39.2561,-15.1321,18,5,0.277777778,419,30.6818943,89.40000153,70.32499695,10.55500031
39.267,-15.1079,19,0,0,425,30.61738586,89.40000153,70.32499695,8.418000221
39.2684,-15.1334,11,0,0,389,30.6818943,89.40000153,70.32499695,11.29399967
39.2841,-16.4459,13,11,0.846153846,59,31.69029617,97.64167023,76.17500305,18.7689991
39.3636,-15.7279,11,5,0.454545455,124,31.7215786,95.80833435,73.77500153,3.742000103
39.4159,-15.156,17,14,0.823529412,330,30.51580238,89.42500305,71.03333282,3.84100008
39.4186,-13.2416,8,0,0,379,31.33715439,80.94166565,71.55000305,23.42700005
39.4369,-12.424,19,9,0.473684211,357,30.95659447,83.66666412,73.48332977,14.03499985
39.5492,-13.6578,17,8,0.470588235,284,31.24166107,82.39167023,72.40833282,9.531000137
39.5498,-11.6574,13,3,0.230769231,839,27.27238274,98.15000153,75.02500153,45.33100128
39.5813,-11.6653,15,2,0.133333333,812,27.27238274,98.15000153,75.02500153,43.45299911
39.6332,-12.8483,9,2,0.222222222,365,31.45322037,82.29166412,73.20833588,13.18099976
39.6724,-11.4823,12,1,0.083333333,628,28.02422905,91.84166718,76.09999847,37.5909996
39.7305,-15.0996,9,6,0.666666667,286,30.39705086,88.25,72.6333313,26.09700012
39.7465,-16.3628,16,4,0.25,27,31.99443054,93.19166565,76.90000153,3.194000006
39.7591,-11.8572,7,3,0.428571429,649,28.47123528,92.51667023,75.6333313,19.86000061
39.7625,-13.4069,10,3,0.3,309,31.6393795,81.59999847,73.64167023,26.93300056
39.7636,-13.4078,17,6,0.352941176,309,31.6393795,81.59999847,73.64167023,26.80400085
39.7653,-11.3604,10,2,0.2,473,28.76575089,91.84166718,76.09999847,37.42300034
39.8273,-16.1532,14,11,0.785714286,12,32.28372574,93.40833282,75.94999695,2.507999897
39.8389,-12.1644,32,20,0.625,236,31.13372993,93.21666718,76.31666565,13.05200005
39.8449,-13.7229,3,1,0.333333333,235,31.38163567,83.31666565,74.05833435,4.453999996
39.882,-13.2138,15,8,0.533333333,243,31.81598854,80.67500305,75.08333588,10.03600025
39.8936,-16.2134,10,5,0.5,5,31.77746391,91.84999847,76.80000305,0.368000001
39.913,-16.225,10,7,0.7,19,31.77746391,91.84999847,76.80000305,0.850000024
39.962,-13.372,10,4,0.4,263,31.1402607,80.93333435,74.77500153,15.94699955
39.9631,-14.41,9,8,0.888888889,295,30.84925079,85.02500153,73.15833282,23.87299919
39.9653,-12.0433,35,19,0.542857143,382,29.9351387,93.21666718,76.31666565,8.414999962
39.9723,-14.7426,74,41,0.554054054,227,31.0129261,85.30833435,73.10832977,13.13000011
39.9837,-14.9194,5,0,0,199,31.08699799,85.39167023,73.2416687,2.47300005
40.07,-12.4828,37,23,0.621621622,107,31.54639816,87.79166412,77.1166687,13.05799961
40.0721,-12.2823,47,27,0.574468085,434,29.60211754,97.19166565,76.8666687,34.52600098
40.1019,-11.9517,51,28,0.549019608,155,30.95585442,90.72499847,77.2583313,2.173000097
40.1031,-15.0942,80,39,0.4875,161,30.84335899,84.69999695,74.06666565,12.94699955
40.1204,-12.2521,27,4,0.148148148,429,29.64078331,97.19166565,76.8666687,35.32699966
40.1362,-15.3442,7,6,0.857142857,127,30.90102005,87.1333313,74.66666412,16.6989994
40.2439,-11.8852,16,14,0.875,264,29.85303879,93.66666412,77.81666565,9.616999626
40.3022,-14.9169,92,49,0.532608696,97,31.61949921,81.5083313,74.6166687,1.419999957
40.3386,-14.7196,51,31,0.607843137,196,30.85411263,80.54166412,75.1333313,8.215000153
40.3527,-11.3429,15,9,0.6,25,30.71871567,94.73332977,78.39167023,1.090999961
40.3656,-11.3596,15,0,0,23,30.71871567,94.73332977,78.39167023,0.778999984
40.3669,-11.654,31,18,0.580645161,65,30.34227562,95.1166687,78.3833313,3.836999893
40.3947,-14.4022,7,1,0.142857143,166,30.8152771,81.73332977,75.34999847,13.56499958
40.4192,-12.0897,40,22,0.55,137,30.72065735,92.58333588,78.47499847,9.022999763
40.4745,-12.0721,39,22,0.564102564,38,31.19321442,92.58333588,78.47499847,2.778000116
40.4784,-12.1683,41,17,0.414634146,12,31.16827774,88.375,78.60832977,0.54400003
40.4796,-12.4351,16,3,0.1875,33,30.99480438,84.2583313,78.75,2.22300005
40.5106,-12.9611,8,1,0.125,22,30.11384201,79.28333282,79.71666718,0.588
40.5138,-14.2177,11,2,0.181818182,58,31.059618,80.82499695,76.30000305,2.47300005
40.5219,-15.202,17,8,0.470588235,14,31.44593048,80.32499695,75.91666412,1.08099997
40.5219,-12.9661,11,1,0.090909091,13,30.11384201,79.28333282,79.71666718,0.56400001
40.5275,-12.9714,14,0,0,25,30.11384201,79.28333282,79.71666718,0.93599999
40.5302,-12.9806,11,2,0.181818182,43,30.11384201,79.28333282,79.71666718,1.580000043
40.5372,-13.0745,73,56,0.767123288,60,30.74066925,79.28333282,79.71666718,1.539000034
40.5381,-11.9986,37,24,0.648648649,38,31.18087769,92.58333588,78.47499847,0.207000002
40.5569,-13.2917,97,58,0.597938144,15,31.15074158,80.05833435,79.09999847,0.412999988
40.5594,-12.9668,11,0,0,23,30.79485703,79.28333282,79.71666718,0.202999994
40.6573,-14.96,15,8,0.533333333,17,31.78423882,77.57499695,75.7583313,0.381999999
40.6757,-14.5544,6,4,0.666666667,58,31.33653641,80.56666565,76.34166718,0.270000011
40.6824,-14.5387,5,0,0,65,31.37685585,80.56666565,76.34166718,0.769999981
40.6954,-14.5556,1,0,0,138,31.33653641,80.56666565,76.34166718,2.335000038
40.7304,-15.0403,8,6,0.75,17,31.78423882,77.57499695,75.7583313,0
